epoch,train_loss,learning_rate_head,learning_rate_backbone,val_mean_r2,val_mean_mae,val_wbt_c_mse,val_wbt_c_mae,val_wbt_c_r2,val_wbt_c_pearson_r,val_vpd_kpa_mse,val_vpd_kpa_mae,val_vpd_kpa_r2,val_vpd_kpa_pearson_r,val_diurnal_range_c_mse,val_diurnal_range_c_mae,val_diurnal_range_c_r2,val_diurnal_range_c_pearson_r,val_solar_wm2_mse,val_solar_wm2_mae,val_solar_wm2_r2,val_solar_wm2_pearson_r,val_temperature_2m_mean_mse,val_temperature_2m_mean_mae,val_temperature_2m_mean_r2,val_temperature_2m_mean_pearson_r,val_loss
1,0.6659728227179724,9.931787857009346e-05,9.931787857009347e-07,0.3683925990038867,13.694797134399414,30.087181091308594,4.290635585784912,0.495005127772723,0.703964960588478,0.3071077764034271,0.38677287101745605,0.28330746956494235,0.5331878461905916,17.862028121948242,3.4097201824188232,0.2724045837218815,0.5252080175389974,4705.72509765625,55.60468673706055,0.31442381683167886,0.5607631235912277,37.6339225769043,4.782170295715332,0.47682199712820794,0.6906866531144229,0.6512882537224547
2,0.5754888146375337,9.397320795809254e-05,9.397320795809252e-07,0.39303201879155825,13.380264711380004,28.6690731048584,4.16076135635376,0.5188072094719669,0.7214137902163015,0.2947339117527008,0.3837447166442871,0.31218415130895594,0.5590525084074784,17.325000762939453,3.3421008586883545,0.2942799726170231,0.5428477529269514,4548.4013671875,54.37831115722656,0.33734431250441177,0.5831355234865274,35.78361892700195,4.6364054679870605,0.5025444480554336,0.7101936761503785,0.6259356531321678
3,0.5502346107740782,8.38634298862051e-05,8.38634298862051e-07,0.4033273830398761,13.26773218512535,28.00963020324707,4.1195549964904785,0.5298755510149656,0.7284092876663069,0.28930696845054626,0.37668487429618835,0.3248489309908651,0.5710076426674051,17.23125457763672,3.3328957557678223,0.29809861060183773,0.546923515054149,4470.80224609375,53.92597579956055,0.34864973886505424,0.5910609358125313,34.87584686279297,4.583549499511719,0.5151640837266578,0.7180448547565981,0.6154493174386348
4,0.5330687583165428,7.008407913902227e-05,7.008407913902227e-07,0.4090092050543438,13.187404328584671,27.722402572631836,4.097635269165039,0.5346964907602045,0.7312704051224407,0.28634580969810486,0.37262287735939026,0.3317593550214104,0.577005839875216,17.11376190185547,3.318460464477539,0.3028845639056291,0.5510277258438226,4428.4794921875,53.59339904785156,0.35481569136489954,0.5961136910693732,34.46397018432617,4.554903984069824,0.5208899242195757,0.7220523634468043,0.6096144072411599
5,0.5199143911549854,5.412833963663393e-05,5.412833963663392e-07,0.41140096887327504,13.115122473239898,27.277095794677734,4.062585353851318,0.5421706852194648,0.7365293570743391,0.2872982621192932,0.37110215425491333,0.32953662585441756,0.5766942763188975,17.185548782348633,3.319276809692383,0.29996042936165157,0.5498405041835346,4407.52490234375,53.30618667602539,0.35786854755287845,0.5990411870626261,33.990745544433594,4.516461372375488,0.5274685563779624,0.7272423693306678,0.6073580156587622
6,0.5091922090648816,3.772523723049252e-05,3.772523723049252e-07,0.4109931407916245,13.102297067642212,27.35687828063965,4.067597389221191,0.5408315815894331,0.7356228333145519,0.28703802824020386,0.3741767406463623,0.330143947819621,0.5772042199980675,17.190715789794922,3.3223867416381836,0.29974990547542946,0.5478625418765626,4405.5908203125,53.22241973876953,0.3581503580420239,0.5999532658623886,34.08991622924805,4.524904727935791,0.5260899110316153,0.7260250453262098,0.6077602446556258
7,0.5009763556279241,2.265227575236939e-05,2.2652275752369388e-07,0.411049363560217,13.096396338939666,27.39672088623047,4.060678482055664,0.5401628631600415,0.7357987932645955,0.2866547107696533,0.37356036901474,0.3310384497373312,0.5785917758118281,17.1798152923584,3.319089889526367,0.3001939746505208,0.5496865012767246,4405.4091796875,53.2126350402832,0.3581768288378733,0.6002564982398916,34.11978530883789,4.516017913818359,0.5256747014153182,0.7262810006379998,0.6076781505499148
8,0.49518634858530297,1.0542819801236597e-05,1.0542819801236597e-07,0.4117020275615514,13.095901185274125,27.3135929107666,4.065215110778809,0.5415580977629969,0.7360502611082276,0.2870207726955414,0.37127915024757385,0.33018420519846303,0.5775811601144681,17.19605255126953,3.3223581314086914,0.29953254060392454,0.5480552766096737,4393.14208984375,53.20341110229492,0.35996398882431324,0.6009778270671784,34.00493621826172,4.517242431640625,0.5272713054180591,0.7268597199697705,0.6070780202421715
9,0.49141201591052724,2.709097016771983e-06,2.709097016771983e-08,0.4119555351107125,13.085546845197678,27.258955001831055,4.054713249206543,0.542475165108399,0.7368858919895253,0.28662994503974915,0.3713737428188324,0.3310962797815409,0.5783863854613327,17.226713180541992,3.323340654373169,0.29828361463861397,0.5485137361707989,4393.61669921875,53.16997528076172,0.3598948706351509,0.6010831144237827,33.950523376464844,4.508331298828125,0.5280277453898576,0.7273643387423718,0.6068267597070858
10,0.48984013951062005,0.0,0.0,0.4119422574849951,13.088622123003006,27.26439094543457,4.056000709533691,0.5423839338938914,0.7367292821428557,0.28661251068115234,0.37166038155555725,0.3311369631643919,0.5781731959829832,17.221599578857422,3.3234477043151855,0.2984918780253514,0.5483236918027927,4394.50927734375,53.182220458984375,0.35976480425554536,0.6009883361243923,33.9572868347168,4.509781360626221,0.5279337080857951,0.7271658407300731,0.6068337945711376
